"name","categories","image_path","LOC","date_orig","date","year","preview","location","order"
"2007-09-11-jpg","image","2007_09_11_ENG.jpg","ENG","2007_09_11","2007/09/11","2007","2007_09_11_ENG.jpg","England, UK",138
"2008-07-31-jpg","image","2008_07_31_BVI.jpg","BVI","2008_07_31","2008/07/31","2008","2008_07_31_BVI.jpg","British Virgin Islands",137
"2008-08-01-JPG","image","2008_08_01_BVI.JPG","BVI","2008_08_01","2008/08/01","2008","2008_08_01_BVI.JPG","British Virgin Islands",136
"2008-08-02-jpg","image","2008_08_02_BVI.jpg","BVI","2008_08_02","2008/08/02","2008","2008_08_02_BVI.jpg","British Virgin Islands",135
"2008-08-03-JPG","image","2008_08_03_BVI.JPG","BVI","2008_08_03","2008/08/03","2008","2008_08_03_BVI.JPG","British Virgin Islands",134
"2012-12-01-jpg","image","2012_12_01_PPB.jpg","PPB","2012_12_01","2012/12/01","2012","2012_12_01_PPB.jpg","Port Phillip Bay, Australia",133
"2012-12-23-JPG","image","2012_12_23_PPB.JPG","PPB","2012_12_23","2012/12/23","2012","2012_12_23_PPB.JPG","Port Phillip Bay, Australia",132
"2013-01-01-png","image","2013_01_01_PPB.png","PPB","2013_01_01","2013/01/01","2013","2013_01_01_PPB.png","Port Phillip Bay, Australia",131
"2013-01-02-png","image","2013_01_02_PPB.png","PPB","2013_01_02","2013/01/02","2013","2013_01_02_PPB.png","Port Phillip Bay, Australia",130
"2013-01-03-jpg","image","2013_01_03_PPB.jpg","PPB","2013_01_03","2013/01/03","2013","2013_01_03_PPB.jpg","Port Phillip Bay, Australia",129
"2013-01-04-png","image","2013_01_04_PPB.png","PPB","2013_01_04","2013/01/04","2013","2013_01_04_PPB.png","Port Phillip Bay, Australia",128
"2013-02-01-png","image","2013_02_01_PPB.png","PPB","2013_02_01","2013/02/01","2013","2013_02_01_PPB.png","Port Phillip Bay, Australia",127
"2013-02-05-jpg","image","2013_02_05_PPB.jpg","PPB","2013_02_05","2013/02/05","2013","2013_02_05_PPB.jpg","Port Phillip Bay, Australia",126
"2013-03-01-jpg","image","2013_03_01_PPB.jpg","PPB","2013_03_01","2013/03/01","2013","2013_03_01_PPB.jpg","Port Phillip Bay, Australia",125
"2013-04-05-JPG","image","2013_04_05_PPB.JPG","PPB","2013_04_05","2013/04/05","2013","2013_04_05_PPB.JPG","Port Phillip Bay, Australia",124
"2013-04-08-JPG","image","2013_04_08_PPB.JPG","PPB","2013_04_08","2013/04/08","2013","2013_04_08_PPB.JPG","Port Phillip Bay, Australia",123
"2013-04-09-JPG","image","2013_04_09_PPB.JPG","PPB","2013_04_09","2013/04/09","2013","2013_04_09_PPB.JPG","Port Phillip Bay, Australia",122
"2013-04-20-JPG","image","2013_04_20_PPB.JPG","PPB","2013_04_20","2013/04/20","2013","2013_04_20_PPB.JPG","Port Phillip Bay, Australia",121
"2013-06-01-png","image","2013_06_01_WHT.png","WHT","2013_06_01","2013/06/01","2013","2013_06_01_WHT.png","Whitsundays, Australia",120
"2013-08-12-JPG","image","2013_08_12_WHT.JPG","WHT","2013_08_12","2013/08/12","2013","2013_08_12_WHT.JPG","Whitsundays, Australia",119
"2013-08-14-JPG","image","2013_08_14_WHT.JPG","WHT","2013_08_14","2013/08/14","2013","2013_08_14_WHT.JPG","Whitsundays, Australia",118
"2013-10-30-JPG","image","2013_10_30_NGB.JPG","NGB","2013_10_30","2013/10/30","2013","2013_10_30_NGB.JPG","Inner GBR, Australia",117
"2013-11-01-png","image","2013_11_01_NGB.png","NGB","2013_11_01","2013/11/01","2013","2013_11_01_NGB.png","Inner GBR, Australia",116
"2014-01-01-png","image","2014_01_01_MAL.png","MAL","2014_01_01","2014/01/01","2014","2014_01_01_MAL.png","Maldives",115
"2014-03-01-jpg","image","2014_03_01_MAL.jpg","MAL","2014_03_01","2014/03/01","2014","2014_03_01_MAL.jpg","Maldives",114
"2014-03-03-jpg","image","2014_03_03_MAL.jpg","MAL","2014_03_03","2014/03/03","2014","2014_03_03_MAL.jpg","Maldives",113
"2014-03-17-png","image","2014_03_17_MAL.png","MAL","2014_03_17","2014/03/17","2014","2014_03_17_MAL.png","Maldives",112
"2014-03-19-jpg","image","2014_03_19_MAL.jpg","MAL","2014_03_19","2014/03/19","2014","2014_03_19_MAL.jpg","Maldives",111
"2014-04-02-jpg","image","2014_04_02_MAL.jpg","MAL","2014_04_02","2014/04/02","2014","2014_04_02_MAL.jpg","Maldives",110
"2014-04-03-jpg","image","2014_04_03_MAL.jpg","MAL","2014_04_03","2014/04/03","2014","2014_04_03_MAL.jpg","Maldives",109
"2014-04-06-jpg","image","2014_04_06_MAL.jpg","MAL","2014_04_06","2014/04/06","2014","2014_04_06_MAL.jpg","Maldives",108
"2014-04-18-jpg","image","2014_04_18_MAL.jpg","MAL","2014_04_18","2014/04/18","2014","2014_04_18_MAL.jpg","Maldives",107
"2014-06-01-jpg","image","2014_06_01_BVI.jpg","BVI","2014_06_01","2014/06/01","2014","2014_06_01_BVI.jpg","British Virgin Islands",106
"2015-09-01-png","image","2015_09_01_LIZ.png","LIZ","2015_09_01","2015/09/01","2015","2015_09_01_LIZ.png","Lizard Is., Australia",105
"2016-03-01-JPG","image","2016_03_01_CGB.JPG","CGB","2016_03_01","2016/03/01","2016","2016_03_01_CGB.JPG","Central GBR, Australia",104
"2016-04-01-png","image","2016_04_01_CGB.png","CGB","2016_04_01","2016/04/01","2016","2016_04_01_CGB.png","Central GBR, Australia",103
"2016-06-01-png","image","2016_06_01_KAU.png","KAU","2016_06_01","2016/06/01","2016","2016_06_01_KAU.png","Kauai, HI",102
"2016-07-01-png","image","2016_07_01_HER.png","HER","2016_07_01","2016/07/01","2016","2016_07_01_HER.png","Heron Is., Australia",101
"2016-07-25-jpg","image","2016_07_25_HER.jpg","HER","2016_07_25","2016/07/25","2016","2016_07_25_HER.jpg","Heron Is., Australia",100
"2016-10-01-JPG","image","2016_10_01_SYD.JPG","SYD","2016_10_01","2016/10/01","2016","2016_10_01_SYD.JPG","Sydney, Australia",99
"2016-12-01-png","image","2016_12_01_HER.png","HER","2016_12_01","2016/12/01","2016","2016_12_01_HER.png","Heron Is., Australia",98
"2017-03-01-png","image","2017_03_01_KMO.png","KMO","2017_03_01","2017/03/01","2017","2017_03_01_KMO.png","Komodo, Indonesia",97
"2017-03-19-jpg","image","2017_03_19_KMO.jpg","KMO","2017_03_19","2017/03/19","2017","2017_03_19_KMO.jpg","Komodo, Indonesia",96
"2017-11-01-JPG","image","2017_11_01_IGB.JPG","IGB","2017_11_01","2017/11/01","2017","2017_11_01_IGB.JPG",NA,95
"2018-04-01-png","image","2018_04_01_CRL.png","CRL","2018_04_01","2018/04/01","2018","2018_04_01_CRL.png","Coral Sea, Australia",94
"2018-10-01-png","image","2018_10_01_PPB.png","PPB","2018_10_01","2018/10/01","2018","2018_10_01_PPB.png","Port Phillip Bay, Australia",93
"2018-10-02-JPG","image","2018_10_02_PPB.JPG","PPB","2018_10_02","2018/10/02","2018","2018_10_02_PPB.JPG","Port Phillip Bay, Australia",92
"2018-10-03-png","image","2018_10_03_VIC.png","VIC","2018_10_03","2018/10/03","2018","2018_10_03_VIC.png","Victoria, Australia",91
"2018-10-04-JPG","image","2018_10_04_PPB.JPG","PPB","2018_10_04","2018/10/04","2018","2018_10_04_PPB.JPG","Port Phillip Bay, Australia",90
"2018-12-01-png","image","2018_12_01_CRL.png","CRL","2018_12_01","2018/12/01","2018","2018_12_01_CRL.png","Coral Sea, Australia",89
"2018-12-02-png","image","2018_12_02_CRL.png","CRL","2018_12_02","2018/12/02","2018","2018_12_02_CRL.png","Coral Sea, Australia",88
"2018-12-03-png","image","2018_12_03_CRL.png","CRL","2018_12_03","2018/12/03","2018","2018_12_03_CRL.png","Coral Sea, Australia",87
"2018-12-06-png","image","2018_12_06_CRL.png","CRL","2018_12_06","2018/12/06","2018","2018_12_06_CRL.png","Coral Sea, Australia",86
"2018-12-19-jpg","image","2018_12_19_NSW.jpg","NSW","2018_12_19","2018/12/19","2018","2018_12_19_NSW.jpg","New South Wales, Australia",85
"2018-12-21-JPG","image","2018_12_21_NSW.JPG","NSW","2018_12_21","2018/12/21","2018","2018_12_21_NSW.JPG","New South Wales, Australia",84
"2018-12-22-png","image","2018_12_22_NSW.png","NSW","2018_12_22","2018/12/22","2018","2018_12_22_NSW.png","New South Wales, Australia",83
"2018-12-23-JPG","image","2018_12_23_NSW.JPG","NSW","2018_12_23","2018/12/23","2018","2018_12_23_NSW.JPG","New South Wales, Australia",82
"2019-02-01-png","image","2019_02_01_PAL.png","PAL","2019_02_01","2019/02/01","2019","2019_02_01_PAL.png","Palau",81
"2019-02-02-png","image","2019_02_02_PAL.png","PAL","2019_02_02","2019/02/02","2019","2019_02_02_PAL.png","Palau",80
"2019-02-05-png","image","2019_02_05_PAL.png","PAL","2019_02_05","2019/02/05","2019","2019_02_05_PAL.png","Palau",79
"2019-02-06-png","image","2019_02_06_PAL.png","PAL","2019_02_06","2019/02/06","2019","2019_02_06_PAL.png","Palau",78
"2019-02-07-png","image","2019_02_07_PAL.png","PAL","2019_02_07","2019/02/07","2019","2019_02_07_PAL.png","Palau",77
"2019-02-20-png","image","2019_02_20_PAL.png","PAL","2019_02_20","2019/02/20","2019","2019_02_20_PAL.png","Palau",76
"2019-02-21-png","image","2019_02_21_PAL.png","PAL","2019_02_21","2019/02/21","2019","2019_02_21_PAL.png","Palau",75
"2019-04-01-JPG","image","2019_04_01_SYD.JPG","SYD","2019_04_01","2019/04/01","2019","2019_04_01_SYD.JPG","Sydney, Australia",74
"2019-08-02-png","image","2019_08_02_HAL.png","HAL","2019_08_02","2019/08/02","2019","2019_08_02_HAL.png","Haleiwa, HI",73
"2019-09-03-jpg","image","2019_09_03_OAH.jpg","OAH","2019_09_03","2019/09/03","2019","2019_09_03_OAH.jpg","Oahu, HI",72
"2019-09-10-JPG","image","2019_09_10_OAH.JPG","OAH","2019_09_10","2019/09/10","2019","2019_09_10_OAH.JPG","Oahu, HI",71
"2019-09-11-JPG","image","2019_09_11_CAL.JPG","CAL","2019_09_11","2019/09/11","2019","2019_09_11_CAL.JPG","California, USA",70
"2019-09-15-png","image","2019_09_15_CAT.png","CAT","2019_09_15","2019/09/15","2019","2019_09_15_CAT.png","Catalina Island, USA",69
"2019-09-16-png","image","2019_09_16_CAT.png","CAT","2019_09_16","2019/09/16","2019","2019_09_16_CAT.png","Catalina Island, USA",68
"2019-09-17-png","image","2019_09_17_CAT.png","CAT","2019_09_17","2019/09/17","2019","2019_09_17_CAT.png","Catalina Island, USA",67
"2020-03-02-JPG","image","2020_03_02_OAH.JPG","OAH","2020_03_02","2020/03/02","2020","2020_03_02_OAH.JPG","Oahu, HI",66
"2020-05-08-JPG","image","2020_05_08_OAH.JPG","OAH","2020_05_08","2020/05/08","2020","2020_05_08_OAH.JPG","Oahu, HI",65
"2020-06-01-JPG","image","2020_06_01_KON.JPG","KON","2020_06_01","2020/06/01","2020","2020_06_01_KON.JPG","Kona, HI",64
"2020-06-02-JPG","image","2020_06_02_KON.JPG","KON","2020_06_02","2020/06/02","2020","2020_06_02_KON.JPG","Kona, HI",63
"2020-08-04-jpg","image","2020_08_04_KON.jpg","KON","2020_08_04","2020/08/04","2020","2020_08_04_KON.jpg","Kona, HI",62
"2020-09-13-JPG","image","2020_09_13_OAH.JPG","OAH","2020_09_13","2020/09/13","2020","2020_09_13_OAH.JPG","Oahu, HI",61
"2020-09-30-png","image","2020_09_30_OAH.png","OAH","2020_09_30","2020/09/30","2020","2020_09_30_OAH.png","Oahu, HI",60
"2021-03-22-JPG","image","2021_03_22_MAU.JPG","MAU","2021_03_22","2021/03/22","2021","2021_03_22_MAU.JPG","Maui, HI",59
"2021-03-23-JPG","image","2021_03_23_MAU.JPG","MAU","2021_03_23","2021/03/23","2021","2021_03_23_MAU.JPG","Maui, HI",58
"2021-03-31-jpg","image","2021_03_31_MAU.jpg","MAU","2021_03_31","2021/03/31","2021","2021_03_31_MAU.jpg","Maui, HI",57
"2021-04-07-JPG","image","2021_04_07_KON.JPG","KON","2021_04_07","2021/04/07","2021","2021_04_07_KON.JPG","Kona, HI",56
"2021-04-26-JPG","image","2021_04_26_KON.JPG","KON","2021_04_26","2021/04/26","2021","2021_04_26_KON.JPG","Kona, HI",55
"2021-05-08-JPG","image","2021_05_08_KON.JPG","KON","2021_05_08","2021/05/08","2021","2021_05_08_KON.JPG","Kona, HI",54
"2021-05-20-JPG","image","2021_05_20_KON.JPG","KON","2021_05_20","2021/05/20","2021","2021_05_20_KON.JPG","Kona, HI",53
"2021-06-06-JPG","image","2021_06_06_KON.JPG","KON","2021_06_06","2021/06/06","2021","2021_06_06_KON.JPG","Kona, HI",52
"2021-06-20-jpg","image","2021_06_20_KON.jpg","KON","2021_06_20","2021/06/20","2021","2021_06_20_KON.jpg","Kona, HI",51
"2021-07-02-JPG","image","2021_07_02_KON.JPG","KON","2021_07_02","2021/07/02","2021","2021_07_02_KON.JPG","Kona, HI",50
"2021-07-03-JPG","image","2021_07_03_KON.JPG","KON","2021_07_03","2021/07/03","2021","2021_07_03_KON.JPG","Kona, HI",49
"2021-07-04-JPG","image","2021_07_04_KON.JPG","KON","2021_07_04","2021/07/04","2021","2021_07_04_KON.JPG","Kona, HI",48
"2021-07-06-JPG","image","2021_07_06_KON.JPG","KON","2021_07_06","2021/07/06","2021","2021_07_06_KON.JPG","Kona, HI",47
"2021-07-10-jpg","image","2021_07_10_KAU.jpg","KAU","2021_07_10","2021/07/10","2021","2021_07_10_KAU.jpg","Kauai, HI",46
"2021-07-17-JPG","image","2021_07_17_KON.JPG","KON","2021_07_17","2021/07/17","2021","2021_07_17_KON.JPG","Kona, HI",45
"2021-07-18-JPG","image","2021_07_18_KON.JPG","KON","2021_07_18","2021/07/18","2021","2021_07_18_KON.JPG","Kona, HI",44
"2021-07-19-JPG","image","2021_07_19_KON.JPG","KON","2021_07_19","2021/07/19","2021","2021_07_19_KON.JPG","Kona, HI",43
"2021-08-19-JPG","image","2021_08_19_OAH.JPG","OAH","2021_08_19","2021/08/19","2021","2021_08_19_OAH.JPG","Oahu, HI",42
"2021-09-18-JPG","image","2021_09_18_OAH.JPG","OAH","2021_09_18","2021/09/18","2021","2021_09_18_OAH.JPG","Oahu, HI",41
"2021-09-19-JPG","image","2021_09_19_OAH.JPG","OAH","2021_09_19","2021/09/19","2021","2021_09_19_OAH.JPG","Oahu, HI",40
"2021-10-01-JPG","image","2021_10_01_OAH.JPG","OAH","2021_10_01","2021/10/01","2021","2021_10_01_OAH.JPG","Oahu, HI",39
"2021-10-05-JPG","image","2021_10_05_OAH.JPG","OAH","2021_10_05","2021/10/05","2021","2021_10_05_OAH.JPG","Oahu, HI",38
"2021-10-09-png","image","2021_10_09_OAH.png","OAH","2021_10_09","2021/10/09","2021","2021_10_09_OAH.png","Oahu, HI",37
"2021-11-04-JPG","image","2021_11_04_OAH.JPG","OAH","2021_11_04","2021/11/04","2021","2021_11_04_OAH.JPG","Oahu, HI",36
"2021-11-17-JPG","image","2021_11_17_OAH.JPG","OAH","2021_11_17","2021/11/17","2021","2021_11_17_OAH.JPG","Oahu, HI",35
"2021-12-01-JPG","image","2021_12_01_SYD.JPG","SYD","2021_12_01","2021/12/01","2021","2021_12_01_SYD.JPG","Sydney, Australia",34
"2021-12-02-jpg","image","2021_12_02_SYD.jpg","SYD","2021_12_02","2021/12/02","2021","2021_12_02_SYD.jpg","Sydney, Australia",33
"2021-12-03-JPG","image","2021_12_03_SYD.JPG","SYD","2021_12_03","2021/12/03","2021","2021_12_03_SYD.JPG","Sydney, Australia",32
"2021-12-16-JPG","image","2021_12_16_SYD.JPG","SYD","2021_12_16","2021/12/16","2021","2021_12_16_SYD.JPG","Sydney, Australia",31
"2021-12-21-JPG","image","2021_12_21_SYD.JPG","SYD","2021_12_21","2021/12/21","2021","2021_12_21_SYD.JPG","Sydney, Australia",30
"2021-12-23-JPG","image","2021_12_23_SYD.JPG","SYD","2021_12_23","2021/12/23","2021","2021_12_23_SYD.JPG","Sydney, Australia",29
"2022-01-01-JPG","image","2022_01_01_SYD.JPG","SYD","2022_01_01","2022/01/01","2022","2022_01_01_SYD.JPG","Sydney, Australia",28
"2022-01-03-JPG","image","2022_01_03_SYD.JPG","SYD","2022_01_03","2022/01/03","2022","2022_01_03_SYD.JPG","Sydney, Australia",27
"2022-01-04-JPG","image","2022_01_04_SYD.JPG","SYD","2022_01_04","2022/01/04","2022","2022_01_04_SYD.JPG","Sydney, Australia",26
"2022-01-08-JPG","image","2022_01_08_SYD.JPG","SYD","2022_01_08","2022/01/08","2022","2022_01_08_SYD.JPG","Sydney, Australia",25
"2022-02-02-JPG","image","2022_02_02_OAH.JPG","OAH","2022_02_02","2022/02/02","2022","2022_02_02_OAH.JPG","Oahu, HI",24
"2022-02-04-JPG","image","2022_02_04_OAH.JPG","OAH","2022_02_04","2022/02/04","2022","2022_02_04_OAH.JPG","Oahu, HI",23
"2022-02-19-JPG","image","2022_02_19_OAH.JPG","OAH","2022_02_19","2022/02/19","2022","2022_02_19_OAH.JPG","Oahu, HI",22
"2022-03-03-JPG","image","2022_03_03_MAU.JPG","MAU","2022_03_03","2022/03/03","2022","2022_03_03_MAU.JPG","Maui, HI",21
"2022-03-05-JPG","image","2022_03_05_MAU.JPG","MAU","2022_03_05","2022/03/05","2022","2022_03_05_MAU.JPG","Maui, HI",20
"2022-03-31-JPG","image","2022_03_31_OAH.JPG","OAH","2022_03_31","2022/03/31","2022","2022_03_31_OAH.JPG","Oahu, HI",19
"2022-04-19-JPG","image","2022_04_19_MON.JPG","MON","2022_04_19","2022/04/19","2022","2022_04_19_MON.JPG","Monterey, USA",18
"2022-04-22-jpg","image","2022_04_22_CAL.jpg","CAL","2022_04_22","2022/04/22","2022","2022_04_22_CAL.jpg","California, USA",17
"2022-04-23-JPG","image","2022_04_23_MON.JPG","MON","2022_04_23","2022/04/23","2022","2022_04_23_MON.JPG","Monterey, USA",16
"2022-07-03-JPG","image","2022_07_03_FRA.JPG","FRA","2022_07_03","2022/07/03","2022","2022_07_03_FRA.JPG","Marseillan, France",15
"2022-07-04-JPG","image","2022_07_04_FRA.JPG","FRA","2022_07_04","2022/07/04","2022","2022_07_04_FRA.JPG","Marseillan, France",14
"2022-07-24-JPG","image","2022_07_24_OAH.JPG","OAH","2022_07_24","2022/07/24","2022","2022_07_24_OAH.JPG","Oahu, HI",13
"2022-08-01-jpg","image","2022_08_01_OAH.jpg","OAH","2022_08_01","2022/08/01","2022","2022_08_01_OAH.jpg","Oahu, HI",12
"2022-08-02-jpg","image","2022_08_02_OAH.jpg","OAH","2022_08_02","2022/08/02","2022","2022_08_02_OAH.jpg","Oahu, HI",11
"2022-08-06-JPG","image","2022_08_06_OAH.JPG","OAH","2022_08_06","2022/08/06","2022","2022_08_06_OAH.JPG","Oahu, HI",10
"2022-08-09-jpg","image","2022_08_09_OAH.jpg","OAH","2022_08_09","2022/08/09","2022","2022_08_09_OAH.jpg","Oahu, HI",9
"2022-08-10-JPG","image","2022_08_10_OAH.JPG","OAH","2022_08_10","2022/08/10","2022","2022_08_10_OAH.JPG","Oahu, HI",8
"2023-01-27-jpg","image","2023_01_27_SYD.jpg","SYD","2023_01_27","2023/01/27","2023","2023_01_27_SYD.jpg","Sydney, Australia",7
"2023-01-31-JPG","image","2023_01_31_PPB.JPG","PPB","2023_01_31","2023/01/31","2023","2023_01_31_PPB.JPG","Port Phillip Bay, Australia",6
"2023-02-03-JPG","image","2023_02_03_PPB.JPG","PPB","2023_02_03","2023/02/03","2023","2023_02_03_PPB.JPG","Port Phillip Bay, Australia",5
"2023-02-04-JPG","image","2023_02_04_PPB.JPG","PPB","2023_02_04","2023/02/04","2023","2023_02_04_PPB.JPG","Port Phillip Bay, Australia",4
"2023-02-05-JPG","image","2023_02_05_PPB.JPG","PPB","2023_02_05","2023/02/05","2023","2023_02_05_PPB.JPG","Port Phillip Bay, Australia",3
"2023-02-06-JPG","image","2023_02_06_PPB.JPG","PPB","2023_02_06","2023/02/06","2023","2023_02_06_PPB.JPG","Port Phillip Bay, Australia",2
"2023-02-19-JPG","image","2023_02_19_SYD.JPG","SYD","2023_02_19","2023/02/19","2023","2023_02_19_SYD.JPG","Sydney, Australia",1
